Journal,2025IF,2024IF,2023IF,2022IF,2021IF,2020IF,2019IF,2018IF,2017IF,2016IF,2015IF,2014IF,2013IF,2012IF,2011IF,2010IF,2009IF,2008IF,2007IF,2006IF,2005IF,2004IF,2003IF,2002IF,2001IF,2000IF,1999IF,1998IF,1997IF
ADVANCED MATERIALS,29.1,26.8,27.4,29.4,32.086,30.849,27.398,25.809,21.95,19.791,18.96,17.493,15.409,14.829,13.877,10.88,8.379,8.191,8.191,7.896,9.107,8.079,7.305,6.801,5.579,5.522,5.415,4.96,2.974
AMERICAN JOURNAL OF GASTROENTEROLOGY,8.5,8.1,8.5,10.2,12.045,10.864,10.171,10.241,10.231,9.566,10.383,10.755,9.213,7.553,7.282,6.882,6.012,6.444,6.101,5.608,5.116,4.716,4.172,3.953,3.549,2.834,2.945,2.611,2.344
ANGEWANDTE CHEMIE-INTERNATIONAL EDITION,17.6,17,16.1,16.6,16.823,15.336,12.959,12.257,12.102,11.994,11.709,11.261,11.336,13.734,13.455,12.73,11.829,10.879,10.031,10.232,9.596,9.161,8.427,7.671,8.255,8.547,7.996,8.029,8.56
APPLIED PHYSICS LETTERS,3.8,3.6,3.5,4,3.971,3.791,3.597,3.521,3.495,3.411,3.142,3.302,3.515,3.794,3.844,3.841,3.554,3.726,3.596,3.977,4.127,4.308,4.049,4.207,3.849,3.906,4.184,3.349,3.033
BIOCHEMICAL JOURNAL,3.9,4.3,4.4,4.1,3.766,3.857,4.097,4.331,3.857,3.797,3.562,4.396,4.779,4.654,4.897,5.016,5.155,4.371,4.009,4.1,4.224,4.278,4.101,4.589,4.326,4.28,4.349,3.855,3.579
BIOCHEMISTRY,2.7,3,2.9,2.9,3.321,3.163,2.865,2.952,2.997,2.938,2.876,3.015,3.194,3.377,3.422,3.226,3.226,3.379,3.368,3.633,3.848,4.008,3.922,4.064,4.114,4.221,4.493,4.628,4.572
BLOOD,23.9,23.1,21.1,20.3,25.669,23.629,17.794,16.601,15.132,13.164,11.847,10.452,9.775,9.06,9.898,10.558,10.555,10.432,10.896,10.37,10.131,9.782,10.12,9.631,9.273,8.977,8.782,8.372,9.507
BRITISH MEDICAL JOURNAL,,,,,,,,,,,,,,17.215,14.093,13.471,13.66,12.827,9.723,9.245,9.052,7.038,7.209,7.585,6.629,5.331,5.143,5.325,4.994
CANCER,5.6,5.1,6.1,6.2,6.921,6.86,5.772,6.102,6.537,6.072,5.649,5.068,4.901,5.201,4.771,5.131,5.418,5.238,4.632,4.582,4.8,4.434,4.017,3.941,3.909,3.611,3.632,3.66,3.296
CANCER CELL,56.1,44.5,48.8,50.3,38.585,31.743,26.602,23.916,22.844,27.407,23.214,23.523,23.893,24.755,26.566,26.925,25.288,24.962,23.858,24.077,18.725,18.122,18.913,,,,,,
CANCER RESEARCH,22.6,16.6,12.5,11.2,13.312,12.701,9.727,8.378,9.13,9.122,8.556,9.329,9.284,8.65,7.856,8.234,7.543,7.514,7.672,7.656,7.616,7.69,8.649,8.318,8.302,8.46,8.614,8.37,8.426
CELL,45.1,42.5,45.6,64.5,66.85,41.584,38.637,36.216,31.398,30.41,28.71,32.242,33.116,31.957,32.403,32.406,31.152,31.253,29.887,29.194,29.431,28.389,26.626,27.254,29.219,32.44,36.242,38.686,37.297
CHEMICAL COMMUNICATIONS,4.3,4.2,4.3,4.9,6.065,6.222,5.996,6.164,6.29,6.319,6.567,6.834,6.718,6.378,6.169,5.787,5.504,5.34,5.141,4.521,4.426,3.997,4.031,4.038,3.902,3.695,3.477,3.407,3.2
CHEMICAL REVIEWS,64.2,55.8,51.5,62.1,72.087,60.622,52.76,54.301,52.613,47.928,37.369,46.568,45.661,41.298,40.197,33.036,35.957,23.592,22.757,26.054,20.869,20.233,21.036,20.993,21.044,20.036,21.244,20.228,18.286
CHEMICAL SOCIETY REVIEWS,48.3,39.3,40.4,46.2,60.615,54.564,42.846,40.443,40.182,38.618,34.09,33.383,30.425,24.892,28.76,26.585,20.086,17.419,13.082,13.69,13.747,10.836,9.569,8.718,9.137,10.747,8.798,5.936,6.67
CIRCULATION,41.3,38.7,35.6,37.8,39.922,29.69,23.603,23.054,18.881,19.309,17.202,15.073,14.948,15.202,14.739,14.432,14.816,14.595,12.755,10.94,11.632,12.563,11.164,10.255,10.517,10.893,9.903,9.173,9.762
Computational Intelligence and Neuroscience,,,,,3.12,3.633,2.284,2.154,1.649,1.215,0.43,0.596,,,,,,,,,,,,,,,,,
Immunity,30.6,26.3,25.5,32.4,43.474,31.745,22.553,21.522,19.734,22.845,24.082,21.561,19.748,19.795,21.637,24.221,20.589,20.579,19.266,18.306,15.156,15.448,16.016,17.468,18.866,21.083,20.563,20.518,20.82
JAMA-JOURNAL OF THE AMERICAN MEDICAL ASSOCIATION,65.4,55,63.5,120.7,157.375,56.274,45.54,51.273,47.661,44.405,37.684,35.289,30.387,29.978,30.026,30.011,28.899,31.718,25.547,23.175,23.494,24.831,21.455,16.586,17.569,15.402,11.435,9.522,9.258
JOURNAL OF APPLIED PHYSICS,2.7,2.5,2.7,3.2,2.877,2.546,2.286,2.328,2.176,2.068,2.101,2.183,2.185,2.21,2.168,2.079,2.072,2.201,2.171,2.316,2.498,2.255,2.171,2.281,2.128,2.18,2.275,1.729,1.63
JOURNAL OF BIOLOGICAL CHEMISTRY,4.1,3.9,4,4.8,5.485,5.157,4.238,4.106,4.011,4.125,4.258,4.573,4.6,4.651,4.773,5.328,5.328,5.52,5.581,5.808,5.854,6.355,6.482,6.696,7.258,7.368,7.666,7.199,6.963
JOURNAL OF CLINICAL INVESTIGATION,14.3,13.6,13.3,15.9,19.477,14.808,11.864,12.282,13.251,12.784,12.575,13.262,13.765,12.812,13.069,14.152,15.387,16.559,16.915,15.754,15.053,14.204,14.307,14.051,14.118,12.015,10.921,9.315,9.667
JOURNAL OF CLINICAL ONCOLOGY,44.7,43.4,42.1,45.4,50.739,44.544,32.956,28.349,26.36,24.008,20.982,18.443,17.96,18.038,18.372,18.97,17.793,17.157,15.484,13.598,11.81,9.835,10.864,9.868,8.53,8.773,7.963,8.228,7.878
Journal of the American Chemical Society,16.6,15.7,14.5,15,16.383,15.419,14.612,14.695,14.357,13.858,13.038,12.113,11.444,10.677,9.907,9.023,8.58,8.091,7.885,7.696,7.419,6.903,6.516,6.201,6.079,6.025,5.537,5.725,5.65
LANCET,109,88.5,98.4,168.9,202.731,79.323,60.39,59.102,53.254,47.831,44.002,45.217,39.207,39.06,38.278,33.633,30.758,28.409,28.638,25.8,23.878,21.713,18.316,15.397,13.251,10.232,10.197,11.793,16.135
MOLECULAR CANCER RESEARCH,5.8,4.7,4.1,5.2,6.333,5.852,4.63,4.484,4.597,4.974,4.51,4.38,4.502,4.353,4.288,4.373,4.162,4.533,4.317,4.759,5.417,4.813,2.125,,,,,,
NANO LETTERS,9.1,9.1,9.6,10.8,12.262,11.189,11.238,12.279,12.08,12.712,13.779,13.592,12.94,13.025,13.198,12.219,9.991,10.371,9.627,9.96,9.847,8.449,6.144,5.033,,,,,
NATURE,56.1,48.5,50.5,64.8,69.504,49.962,42.779,43.07,41.577,40.137,38.138,41.456,42.351,38.597,36.28,36.104,34.48,31.434,28.751,26.681,29.273,32.182,30.979,30.432,27.955,25.814,29.491,28.833,27.368
NATURE BIOTECHNOLOGY,44.5,41.7,33.1,46.9,68.164,54.908,36.553,31.864,35.724,41.667,43.113,41.514,39.08,32.438,23.268,31.09,29.495,22.297,22.848,22.672,22.738,22.355,17.721,12.822,11.31,11.542,10.117,8.085,7.401
NATURE GENETICS,25.5,29,31.8,30.8,41.376,38.33,27.605,25.455,27.125,27.959,31.616,29.352,29.648,35.209,35.532,36.377,34.284,30.259,25.556,24.176,25.797,24.695,26.494,26.711,29.6,30.91,30.693,40.361,38.854
NATURE MATERIALS,38,38.5,37.2,41.2,47.656,43.841,38.663,38.887,39.235,39.737,38.891,36.503,36.425,35.749,32.841,29.92,29.504,23.132,19.782,19.194,15.941,13.531,10.778,,,,,,
NATURE MEDICINE,52.5,50,58.7,82.9,87.244,53.44,36.13,30.641,32.621,29.886,30.357,28.223,28.054,24.302,22.462,25.43,27.136,27.553,26.382,28.588,28.878,31.223,30.55,28.74,27.906,27.905,26.584,27.93,28.114
NATURE REVIEWS CANCER,60.7,66.8,72.5,78.5,69.8,60.716,53.03,51.848,42.784,37.147,34.244,37.4,37.912,35,37.545,37.184,29.538,30.762,29.19,31.583,31.694,36.557,33.954,13.625,,,,,
NATURE REVIEWS MOLECULAR CELL BIOLOGY,118,90.2,81.4,112.7,113.915,94.444,55.47,43.351,35.612,46.602,38.602,37.806,36.458,37.162,39.123,38.65,42.198,35.423,31.921,31.354,29.852,33.17,35.041,26.17,20.556,,,,
NEW ENGLAND JOURNAL OF MEDICINE,84.5,78.5,96.3,158.5,176.082,91.253,74.699,70.67,79.26,72.406,59.558,55.873,54.42,51.658,53.298,53.486,47.05,50.017,52.589,51.296,44.016,38.57,34.833,31.736,29.065,29.512,28.857,28.66,27.766
NUCLEIC ACIDS RESEARCH,15,13.1,16.7,14.9,19.16,16.971,11.502,11.147,11.561,10.162,9.202,9.112,8.808,8.278,8.026,7.836,7.479,6.878,6.954,6.317,7.552,7.26,6.575,7.051,6.373,5.396,5.748,4.878,4.188
Nature Chemistry,24.5,20.7,19.2,21.8,24.274,24.427,21.687,23.193,26.201,25.87,27.893,25.325,23.297,21.757,20.524,17.927,,,,,,,,,,,,,
Nature Communications,18.1,15.7,14.7,16.6,17.694,14.919,12.121,11.878,12.353,12.124,11.329,11.47,10.742,10.015,7.396,,,,,,,,,,,,,,
Nature Nanotechnology,37.5,35.1,38.1,38.3,40.523,39.213,31.538,33.407,37.49,38.986,35.267,34.048,33.265,31.17,27.27,30.324,26.309,20.571,14.917,,,,,,,,,,
Nature Physics,18,18.4,18.1,19.5,19.684,20.034,19.256,20.113,22.727,22.806,18.791,20.147,20.603,19.352,18.967,18.43,15.491,16.821,14.677,12.04,,,,,,,,,
Nature Protocols,18.4,16,13.1,14.8,17.021,13.491,10.419,11.334,12.423,10.032,9.646,9.673,7.782,7.96,9.924,8.362,6.335,4.17,1.671,,,,,,,,,,
Neuron,16.9,15.3,14.7,16.2,18.688,17.173,14.415,14.403,14.319,14.024,13.974,15.054,15.982,15.766,14.736,14.027,13.26,14.17,13.41,13.894,14.304,14.439,14.109,13.846,14.153,15.081,16.782,16.505,15.821
ONCOGENE,9.1,7.3,6.9,8,8.756,9.867,7.971,6.634,6.854,7.519,7.932,8.459,8.559,7.357,6.373,7.414,7.135,7.216,6.44,6.582,6.872,6.318,6.495,5.979,6.737,6.49,6.517,6.192,6.772
OPTICAL AND QUANTUM ELECTRONICS,,4,3.3,3,2.794,2.084,1.842,1.547,1.168,1.055,1.29,0.987,1.078,0.987,0.822,0.513,0.657,0.761,0.718,0.644,0.688,1,0.879,0.732,0.706,0.602,0.876,0.886,0.552
PHYSICAL REVIEW B,3.9,3.7,3.2,3.7,3.908,4.036,3.575,3.736,3.813,3.836,3.718,3.736,3.664,3.767,3.691,3.774,3.475,3.322,3.172,3.107,3.185,3.075,2.962,3.327,3.07,3.065,3.008,2.842,2.88
PHYSICAL REVIEW LETTERS,9.4,9,8.1,8.6,9.185,9.161,8.385,9.227,8.839,8.462,7.645,7.512,7.728,7.943,7.37,7.622,7.328,7.18,6.944,7.072,7.489,7.218,7.035,7.323,6.668,6.462,6.095,6.017,6.14
PROCEEDINGS OF THE NATIONAL ACADEMY OF SCIENCES OF THE UNITED STATES OF AMERICA,9.5,9.1,9.4,11.1,12.779,11.205,9.412,9.58,9.504,9.661,9.423,9.674,9.809,9.737,9.681,9.771,9.432,9.38,9.598,9.643,10.231,10.452,10.272,10.7,10.896,10.789,10.26,9.821,9.04
SCIENCE,47.3,45.8,44.8,56.9,63.832,47.728,41.846,41.063,41.058,37.205,34.661,33.611,31.477,31.027,31.201,31.377,29.747,28.103,26.372,30.028,30.927,31.853,29.781,26.682,23.329,23.872,24.595,24.386,24.676
SYNTHETIC METALS,4.5,4.6,4,4.4,4,3.266,3.286,2.87,2.526,2.435,2.299,2.252,2.222,2.109,1.829,1.871,1.901,1.962,1.788,1.685,1.32,1.278,1.303,1.187,1.158,0.802,1.376,1.054,1.254
Thin Solid Films,2.4,2,2,2.1,2.358,2.183,2.03,1.888,1.939,1.879,1.761,1.759,1.867,1.604,1.89,1.935,1.727,1.884,1.693,1.666,1.569,1.647,1.598,1.443,1.266,1.16,1.101,1.019,1.034
Tissue Engineering Part A,2.8,2.9,3.5,4.1,4.08,3.845,3.776,3.616,,,,,,,,,,,,,,,,,,,,,
